1,0,162.06854248046875
1,10,160.52989196777344
1,20,157.9479217529297
1,30,148.88975524902344
1,40,127.25979614257812
1,50,89.49313354492188
1,60,69.27529907226562
1,70,67.00355529785156
1,80,64.79061889648438
1,90,64.18925476074219
1,100,57.74854278564453
1,110,59.8198356628418
1,120,57.25198745727539
1,130,56.885658264160156
1,140,55.16477966308594
1,150,55.061161041259766
1,160,55.39253616333008
1,170,52.51601791381836
1,180,57.111202239990234
1,190,55.85831832885742
1,200,53.52580642700195
1,210,49.340179443359375
1,220,50.49890899658203
1,230,50.15510177612305
1,240,49.11178970336914
1,250,50.03561019897461
1,260,48.542057037353516
1,270,49.509613037109375
1,280,47.98735427856445
1,290,48.99509048461914
1,300,47.79993438720703
1,310,47.97454071044922
1,320,44.81280517578125
1,330,46.28627395629883
1,340,46.92477035522461
1,350,44.768978118896484
1,360,44.686614990234375
1,370,43.86850357055664
1,380,46.59821319580078
1,390,46.756744384765625
1,400,45.39682388305664
1,410,45.56155776977539
1,420,44.79180908203125
1,430,45.11091613769531
1,440,43.680667877197266
1,450,45.573570251464844
1,460,41.8574104309082
2,0,43.71179962158203
2,10,45.76009750366211
2,20,44.89655685424805
2,30,43.61884307861328
2,40,43.28620147705078
2,50,44.72880935668945
2,60,43.12828063964844
2,70,43.54469680786133
2,80,43.07114028930664
2,90,41.737667083740234
2,100,42.87589645385742
2,110,40.46057891845703
2,120,41.28097152709961
2,130,41.823036193847656
2,140,43.128849029541016
2,150,40.47275161743164
2,160,42.99099349975586
2,170,41.242008209228516
2,180,41.81196975708008
2,190,40.75039291381836
2,200,42.2403678894043
2,210,41.572235107421875
2,220,38.06671142578125
2,230,41.317100524902344
2,240,39.118438720703125
2,250,40.73894500732422
2,260,39.21183776855469
2,270,40.87342834472656
2,280,39.803672790527344
2,290,40.00603485107422
2,300,38.54465103149414
2,310,39.993473052978516
2,320,40.301727294921875
2,330,40.41463851928711
2,340,39.183074951171875
2,350,38.579933166503906
2,360,37.74498748779297
2,370,38.341896057128906
2,380,40.431217193603516
2,390,40.945594787597656
2,400,37.3126220703125
2,410,38.379154205322266
2,420,37.378238677978516
2,430,38.30984878540039
2,440,38.81209182739258
2,450,37.923133850097656
2,460,37.96186447143555
3,0,38.58977508544922
3,10,37.463340759277344
3,20,38.16448211669922
3,30,37.4647331237793
3,40,38.20084762573242
3,50,35.40153503417969
3,60,36.62517547607422
3,70,37.35184860229492
3,80,35.9685173034668
3,90,35.6133918762207
3,100,37.28096389770508
3,110,36.59743118286133
3,120,38.74128723144531
3,130,38.21965026855469
3,140,35.075382232666016
3,150,35.42331314086914
3,160,35.733577728271484
3,170,37.142051696777344
3,180,34.19923400878906
3,190,35.49788284301758
3,200,32.945003509521484
3,210,35.55215072631836
3,220,37.52287292480469
3,230,35.66454315185547
3,240,35.917354583740234
3,250,32.02067184448242
3,260,35.78567886352539
3,270,33.56657409667969
3,280,33.965118408203125
3,290,32.94266128540039
3,300,34.80049133300781
3,310,35.29001998901367
3,320,34.95305252075195
3,330,35.01243591308594
3,340,35.460960388183594
3,350,33.40968322753906
3,360,31.75555992126465
3,370,34.552452087402344
3,380,34.881813049316406
3,390,34.76302719116211
3,400,32.2334098815918
3,410,32.9254035949707
3,420,32.35295867919922
3,430,34.12372589111328
3,440,33.25973892211914
3,450,34.324607849121094
3,460,32.092979431152344
4,0,34.00773239135742
4,10,33.662906646728516
4,20,32.9829216003418
4,30,32.852481842041016
4,40,32.631996154785156
4,50,34.86380386352539
4,60,32.778038024902344
4,70,33.50641632080078
4,80,33.89915084838867
4,90,32.51748275756836
4,100,34.584041595458984
4,110,33.484130859375
4,120,34.15184783935547
4,130,34.14207077026367
4,140,34.3720588684082
4,150,29.78998374938965
4,160,31.1859130859375
4,170,30.731788635253906
4,180,31.39109230041504
4,190,32.50333023071289
4,200,33.20801544189453
4,210,31.913705825805664
4,220,33.54384994506836
4,230,31.717342376708984
4,240,34.0052604675293
4,250,31.768260955810547
4,260,31.686647415161133
4,270,30.68332290649414
4,280,33.77286911010742
4,290,31.609346389770508
4,300,32.842750549316406
4,310,29.708087921142578
4,320,32.50434112548828
4,330,33.163909912109375
4,340,33.13432312011719
4,350,31.50940704345703
4,360,31.96493911743164
4,370,32.3572998046875
4,380,32.284400939941406
4,390,33.408775329589844
4,400,31.749961853027344
4,410,29.735315322875977
4,420,33.95273208618164
4,430,32.140380859375
4,440,30.8093204498291
4,450,31.35012435913086
4,460,32.56763458251953
5,0,32.221221923828125
5,10,33.18434143066406
5,20,32.89025115966797
5,30,32.839725494384766
5,40,30.042261123657227
5,50,31.8384952545166
5,60,31.632387161254883
5,70,32.06378936767578
5,80,30.447385787963867
5,90,30.497209548950195
5,100,31.595806121826172
5,110,31.385860443115234
5,120,32.09724426269531
5,130,31.190256118774414
5,140,33.49863815307617
5,150,29.844127655029297
5,160,30.612449645996094
5,170,30.305572509765625
5,180,30.710956573486328
5,190,29.243194580078125
5,200,30.59813117980957
5,210,31.900711059570312
5,220,29.377460479736328
5,230,29.251876831054688
5,240,31.04886245727539
5,250,32.62238311767578
5,260,29.223121643066406
5,270,30.469642639160156
5,280,31.56485366821289
5,290,29.084732055664062
5,300,31.38520050048828
5,310,30.413225173950195
5,320,30.360736846923828
5,330,31.381790161132812
5,340,30.88438606262207
5,350,31.00533676147461
5,360,30.14148712158203
5,370,30.07477569580078
5,380,29.03890609741211
5,390,31.556961059570312
5,400,30.612186431884766
5,410,29.865478515625
5,420,32.074676513671875
5,430,29.809059143066406
5,440,28.864566802978516
5,450,29.38066864013672
5,460,30.768707275390625
6,0,31.21852684020996
6,10,30.89165687561035
6,20,30.696327209472656
6,30,31.177480697631836
6,40,31.4028377532959
6,50,29.024511337280273
6,60,31.265724182128906
6,70,31.50882339477539
6,80,30.563617706298828
6,90,31.903141021728516
6,100,30.69719123840332
6,110,30.009254455566406
6,120,32.29512405395508
6,130,27.86224937438965
6,140,32.54945373535156
6,150,30.686033248901367
6,160,28.387426376342773
6,170,30.709970474243164
6,180,30.972177505493164
6,190,32.03757858276367
6,200,30.33761978149414
6,210,30.10462188720703
6,220,26.62692642211914
6,230,29.558895111083984
6,240,28.278854370117188
6,250,29.5097599029541
6,260,30.670202255249023
6,270,29.737911224365234
6,280,30.061866760253906
6,290,31.548980712890625
6,300,29.528648376464844
6,310,30.331375122070312
6,320,32.15813446044922
6,330,29.030914306640625
6,340,29.130603790283203
6,350,30.346576690673828
6,360,31.665088653564453
6,370,28.88243293762207
6,380,29.033222198486328
6,390,30.878406524658203
6,400,30.095409393310547
6,410,28.765899658203125
6,420,29.488439559936523
6,430,29.170530319213867
6,440,31.0086669921875
6,450,29.440223693847656
6,460,31.704025268554688
7,0,30.326045989990234
7,10,28.25667953491211
7,20,28.735862731933594
7,30,30.062244415283203
7,40,29.384845733642578
7,50,30.262584686279297
7,60,30.469045639038086
7,70,28.757888793945312
7,80,30.72462272644043
7,90,28.000282287597656
7,100,29.79909324645996
7,110,29.774633407592773
7,120,30.6427001953125
7,130,31.592601776123047
7,140,29.820072174072266
7,150,28.250957489013672
7,160,30.3155574798584
7,170,29.219173431396484
7,180,28.037673950195312
7,190,31.265567779541016
7,200,30.587158203125
7,210,28.633556365966797
7,220,28.818065643310547
7,230,28.81031608581543
7,240,28.680017471313477
7,250,27.64243507385254
7,260,29.531599044799805
7,270,29.4593505859375
7,280,28.708282470703125
7,290,30.11212730407715
7,300,30.9453125
7,310,29.51764678955078
7,320,28.871482849121094
7,330,30.656543731689453
7,340,30.196718215942383
7,350,30.933063507080078
7,360,30.491924285888672
7,370,30.023468017578125
7,380,29.966379165649414
7,390,28.12652587890625
7,400,30.999645233154297
7,410,31.835689544677734
7,420,29.531295776367188
7,430,29.167264938354492
7,440,30.677501678466797
7,450,29.192216873168945
7,460,30.08307647705078
8,0,31.84725570678711
8,10,28.232751846313477
8,20,28.904422760009766
8,30,29.175779342651367
8,40,27.501413345336914
8,50,30.037811279296875
8,60,31.075849533081055
8,70,27.73671531677246
8,80,29.84364891052246
8,90,30.445510864257812
8,100,28.078956604003906
8,110,27.494281768798828
8,120,29.194738388061523
8,130,29.25121307373047
8,140,28.706653594970703
8,150,29.341686248779297
8,160,29.139381408691406
8,170,29.053951263427734
8,180,27.601327896118164
8,190,31.8114013671875
8,200,31.137290954589844
8,210,30.60837173461914
8,220,29.609233856201172
8,230,28.618154525756836
8,240,29.108081817626953
8,250,28.77804183959961
8,260,30.481828689575195
8,270,30.066390991210938
8,280,28.82950210571289
8,290,28.525300979614258
8,300,29.7293643951416
8,310,27.85706901550293
8,320,28.396413803100586
8,330,30.226524353027344
8,340,28.085445404052734
8,350,27.702247619628906
8,360,26.464462280273438
8,370,28.386585235595703
8,380,30.860759735107422
8,390,27.20636749267578
8,400,29.094707489013672
8,410,28.559112548828125
8,420,29.930889129638672
8,430,28.991825103759766
8,440,29.058006286621094
8,450,29.397415161132812
8,460,30.560277938842773
9,0,27.977699279785156
9,10,29.951221466064453
9,20,28.344436645507812
9,30,28.610990524291992
9,40,28.60211753845215
9,50,30.96898651123047
9,60,27.90106964111328
9,70,30.126312255859375
9,80,31.00489044189453
9,90,28.612546920776367
9,100,28.343107223510742
9,110,29.626407623291016
9,120,28.591915130615234
9,130,29.77922248840332
9,140,27.652250289916992
9,150,28.344085693359375
9,160,28.04827880859375
9,170,28.775772094726562
9,180,28.966615676879883
9,190,29.42523956298828
9,200,28.912445068359375
9,210,28.533123016357422
9,220,30.696849822998047
9,230,28.714418411254883
9,240,29.278194427490234
9,250,26.63821029663086
9,260,29.492122650146484
9,270,28.331405639648438
9,280,28.001930236816406
9,290,29.97295379638672
9,300,29.212711334228516
9,310,29.393932342529297
9,320,29.164661407470703
9,330,28.102222442626953
9,340,30.13427734375
9,350,29.874374389648438
9,360,27.97870635986328
9,370,29.313404083251953
9,380,27.69900131225586
9,390,29.993988037109375
9,400,29.230792999267578
9,410,28.085399627685547
9,420,27.50505256652832
9,430,27.34250831604004
9,440,27.707138061523438
9,450,28.699016571044922
9,460,30.085548400878906
10,0,28.822555541992188
10,10,28.971153259277344
10,20,29.00240707397461
10,30,26.898773193359375
10,40,27.792409896850586
10,50,27.344703674316406
10,60,27.42981719970703
10,70,28.426891326904297
10,80,28.862945556640625
10,90,26.922739028930664
10,100,28.322898864746094
10,110,28.204164505004883
10,120,29.6064395904541
10,130,27.713802337646484
10,140,27.59891128540039
10,150,29.871736526489258
10,160,30.496368408203125
10,170,29.20922088623047
10,180,29.399356842041016
10,190,28.53704071044922
10,200,28.184406280517578
10,210,28.930187225341797
10,220,27.418567657470703
10,230,28.455055236816406
10,240,30.043678283691406
10,250,28.343700408935547
10,260,28.637174606323242
10,270,27.94108772277832
10,280,27.43471908569336
10,290,27.259380340576172
10,300,27.842676162719727
10,310,28.160446166992188
10,320,31.08210563659668
10,330,27.723237991333008
10,340,28.766189575195312
10,350,28.128019332885742
10,360,28.494346618652344
10,370,27.07064437866211
10,380,27.583690643310547
10,390,28.89618492126465
10,400,29.750646591186523
10,410,29.31695556640625
10,420,29.36399269104004
10,430,28.664743423461914
10,440,28.487197875976562
10,450,28.681657791137695
10,460,27.323938369750977
11,0,29.465885162353516
11,10,28.342899322509766
11,20,29.398834228515625
11,30,29.190101623535156
11,40,29.790294647216797
11,50,28.268342971801758
11,60,29.93254280090332
11,70,27.416400909423828
11,80,26.526836395263672
11,90,26.591995239257812
11,100,28.015609741210938
11,110,28.24053192138672
11,120,28.89187240600586
11,130,28.715599060058594
11,140,28.044424057006836
11,150,26.905345916748047
11,160,29.06719207763672
11,170,28.26534652709961
11,180,26.790895462036133
11,190,28.218887329101562
11,200,28.689861297607422
11,210,27.297012329101562
11,220,28.741228103637695
11,230,29.700407028198242
11,240,27.355670928955078
11,250,27.928422927856445
11,260,29.41741943359375
11,270,29.473970413208008
11,280,29.102827072143555
11,290,29.398544311523438
11,300,29.69491958618164
11,310,27.789203643798828
11,320,28.225605010986328
11,330,30.963071823120117
11,340,30.512849807739258
11,350,27.075355529785156
11,360,27.938491821289062
11,370,29.918739318847656
11,380,29.1365966796875
11,390,28.95978546142578
11,400,26.45644760131836
11,410,28.829160690307617
11,420,27.553672790527344
11,430,27.57141876220703
11,440,29.301586151123047
11,450,28.173439025878906
11,460,29.01620864868164
12,0,31.073802947998047
12,10,29.132061004638672
12,20,27.87901496887207
12,30,26.30221176147461
12,40,28.228910446166992
12,50,27.113323211669922
12,60,28.936845779418945
12,70,28.810792922973633
12,80,29.46051025390625
12,90,28.829591751098633
12,100,29.017032623291016
12,110,29.339523315429688
12,120,26.87040138244629
12,130,29.44324493408203
12,140,29.095439910888672
12,150,28.175312042236328
12,160,29.670852661132812
12,170,29.253253936767578
12,180,26.113815307617188
12,190,29.13990020751953
12,200,28.018789291381836
12,210,28.229351043701172
12,220,29.440658569335938
12,230,28.518590927124023
12,240,28.096389770507812
12,250,26.02490997314453
12,260,27.69751739501953
12,270,28.78374481201172
12,280,28.145483016967773
12,290,27.80217170715332
12,300,28.93160057067871
12,310,28.44679069519043
12,320,28.207256317138672
12,330,28.84857177734375
12,340,26.63096046447754
12,350,28.022520065307617
12,360,29.517841339111328
12,370,28.18520164489746
12,380,29.007953643798828
12,390,26.968395233154297
12,400,28.855955123901367
12,410,28.31096649169922
12,420,29.256362915039062
12,430,28.836101531982422
12,440,27.453556060791016
12,450,27.14385223388672
12,460,28.829269409179688
13,0,28.337486267089844
13,10,27.98468017578125
13,20,27.20357894897461
13,30,27.28472900390625
13,40,29.017457962036133
13,50,27.050128936767578
13,60,29.345111846923828
13,70,26.99697494506836
13,80,27.791534423828125
13,90,28.780288696289062
13,100,29.072830200195312
13,110,27.450153350830078
13,120,27.599517822265625
13,130,27.86163902282715
13,140,27.017934799194336
13,150,29.81563377380371
13,160,29.406661987304688
13,170,29.79305076599121
13,180,27.735200881958008
13,190,30.14774513244629
13,200,29.84445571899414
13,210,29.99716567993164
13,220,26.631301879882812
13,230,28.007448196411133
13,240,28.079334259033203
13,250,29.337257385253906
13,260,27.34449005126953
13,270,29.274322509765625
13,280,27.833650588989258
13,290,28.746889114379883
13,300,26.277053833007812
13,310,28.879201889038086
13,320,26.006418228149414
13,330,27.06812286376953
13,340,28.049419403076172
13,350,28.898052215576172
13,360,29.55127716064453
13,370,26.631282806396484
13,380,26.867637634277344
13,390,28.469627380371094
13,400,28.15904998779297
13,410,27.48849105834961
13,420,27.97089195251465
13,430,25.84520721435547
13,440,27.70581817626953
13,450,29.53437042236328
13,460,28.069005966186523
14,0,27.29197120666504
14,10,31.62349510192871
14,20,27.484973907470703
14,30,27.779909133911133
14,40,28.43648910522461
14,50,29.34292984008789
14,60,28.700559616088867
14,70,27.653827667236328
14,80,29.252979278564453
14,90,30.67108917236328
14,100,29.115219116210938
14,110,27.9625244140625
14,120,29.438955307006836
14,130,27.63833999633789
14,140,27.616010665893555
14,150,27.130939483642578
14,160,27.53571319580078
14,170,27.650354385375977
14,180,28.2581729888916
14,190,27.794456481933594
14,200,28.044631958007812
14,210,28.090625762939453
14,220,27.76120376586914
14,230,28.074140548706055
14,240,27.212949752807617
14,250,27.590539932250977
14,260,26.653461456298828
14,270,27.46558380126953
14,280,28.196388244628906
14,290,27.93644142150879
14,300,28.1394100189209
14,310,27.19003677368164
14,320,26.638439178466797
14,330,28.48636245727539
14,340,27.374713897705078
14,350,27.285110473632812
14,360,27.25275421142578
14,370,26.844459533691406
14,380,28.448942184448242
14,390,28.754947662353516
14,400,27.862342834472656
14,410,27.784181594848633
14,420,27.31024932861328
14,430,28.008195877075195
14,440,27.92527961730957
14,450,29.431718826293945
14,460,29.4234561920166
15,0,28.163013458251953
15,10,26.238534927368164
15,20,27.990495681762695
15,30,26.159387588500977
15,40,28.16602897644043
15,50,27.051441192626953
15,60,28.0159969329834
15,70,29.069316864013672
15,80,27.951457977294922
15,90,28.55908966064453
15,100,28.026710510253906
15,110,27.349529266357422
15,120,27.984947204589844
15,130,27.15216827392578
15,140,27.877296447753906
15,150,26.78278160095215
15,160,27.015491485595703
15,170,28.536802291870117
15,180,29.092851638793945
15,190,28.249788284301758
15,200,28.254636764526367
15,210,27.29849624633789
15,220,26.718917846679688
15,230,27.787078857421875
15,240,27.96146583557129
15,250,27.09207534790039
15,260,28.00414276123047
15,270,27.99544906616211
15,280,27.692644119262695
15,290,30.24056053161621
15,300,28.711647033691406
15,310,29.784454345703125
15,320,28.133148193359375
15,330,29.898845672607422
15,340,28.4713134765625
15,350,29.161205291748047
15,360,29.369308471679688
15,370,26.720478057861328
15,380,25.9316349029541
15,390,28.208900451660156
15,400,28.493122100830078
15,410,27.480730056762695
15,420,28.230506896972656
15,430,28.824310302734375
15,440,29.889453887939453
15,450,25.81852912902832
15,460,27.618820190429688
16,0,27.64274787902832
16,10,28.013437271118164
16,20,28.33441162109375
16,30,30.024215698242188
16,40,28.409896850585938
16,50,28.32065773010254
16,60,28.897197723388672
16,70,28.063465118408203
16,80,26.07941436767578
16,90,28.42568016052246
16,100,29.565120697021484
16,110,30.43975830078125
16,120,28.433902740478516
16,130,29.25900650024414
16,140,27.155319213867188
16,150,26.55392837524414
16,160,27.716917037963867
16,170,26.274559020996094
16,180,27.207014083862305
16,190,28.214481353759766
16,200,27.59417152404785
16,210,28.528072357177734
16,220,28.10711669921875
16,230,29.64211654663086
16,240,27.743574142456055
16,250,28.001781463623047
16,260,29.5076904296875
16,270,28.035987854003906
16,280,28.84252166748047
16,290,26.518857955932617
16,300,27.562488555908203
16,310,26.72339630126953
16,320,26.723970413208008
16,330,26.628889083862305
16,340,27.787303924560547
16,350,27.35639190673828
16,360,28.3599796295166
16,370,26.601835250854492
16,380,27.0938777923584
16,390,26.91456413269043
16,400,26.931922912597656
16,410,26.226425170898438
16,420,27.992420196533203
16,430,26.993301391601562
16,440,28.614171981811523
16,450,28.436443328857422
16,460,27.92894172668457
17,0,29.372533798217773
17,10,28.270112991333008
17,20,28.109615325927734
17,30,28.010414123535156
17,40,27.235292434692383
17,50,27.55047607421875
17,60,26.573379516601562
17,70,28.572843551635742
17,80,26.495521545410156
17,90,28.101579666137695
17,100,29.250518798828125
17,110,28.15387725830078
17,120,26.526962280273438
17,130,26.81549835205078
17,140,27.977676391601562
17,150,27.477277755737305
17,160,26.038745880126953
17,170,26.50224494934082
17,180,27.91871452331543
17,190,28.065357208251953
17,200,28.21722984313965
17,210,26.15430450439453
17,220,27.210548400878906
17,230,27.532756805419922
17,240,28.05467987060547
17,250,26.730533599853516
17,260,28.840030670166016
17,270,27.582075119018555
17,280,27.767690658569336
17,290,27.838289260864258
17,300,29.287330627441406
17,310,30.131885528564453
17,320,28.18661117553711
17,330,27.337936401367188
17,340,27.803768157958984
17,350,27.351665496826172
17,360,28.849214553833008
17,370,27.11528778076172
17,380,27.697032928466797
17,390,28.362539291381836
17,400,27.59661865234375
17,410,26.816673278808594
17,420,26.402864456176758
17,430,29.940414428710938
17,440,27.101665496826172
17,450,28.680078506469727
17,460,27.08155059814453
18,0,27.816923141479492
18,10,29.695356369018555
18,20,27.871612548828125
18,30,27.495235443115234
18,40,29.616289138793945
18,50,28.537353515625
18,60,25.9586181640625
18,70,26.437210083007812
18,80,27.371843338012695
18,90,27.391124725341797
18,100,28.268808364868164
18,110,28.545255661010742
18,120,26.880617141723633
18,130,28.637916564941406
18,140,29.458099365234375
18,150,28.351322174072266
18,160,28.052249908447266
18,170,28.51582145690918
18,180,26.662586212158203
18,190,27.60497283935547
18,200,27.595531463623047
18,210,27.553997039794922
18,220,29.657852172851562
18,230,26.347803115844727
18,240,27.53227996826172
18,250,27.730308532714844
18,260,28.789485931396484
18,270,27.167097091674805
18,280,27.822830200195312
18,290,27.6361141204834
18,300,28.252492904663086
18,310,27.347858428955078
18,320,27.952091217041016
18,330,28.966062545776367
18,340,30.19992446899414
18,350,27.647232055664062
18,360,26.740421295166016
18,370,26.93622398376465
18,380,26.327709197998047
18,390,26.493515014648438
18,400,27.778419494628906
18,410,27.16586685180664
18,420,26.520671844482422
18,430,28.179080963134766
18,440,27.303434371948242
18,450,27.56224250793457
18,460,26.393741607666016
19,0,29.368759155273438
19,10,27.96478271484375
19,20,26.004350662231445
19,30,26.660518646240234
19,40,26.999021530151367
19,50,27.378204345703125
19,60,28.038875579833984
19,70,28.47614860534668
19,80,28.150989532470703
19,90,28.37177276611328
19,100,28.289255142211914
19,110,26.44038200378418
19,120,26.40827178955078
19,130,28.83966064453125
19,140,26.92798614501953
19,150,27.44667625427246
19,160,27.58380699157715
19,170,28.23562240600586
19,180,28.191844940185547
19,190,25.912357330322266
19,200,27.478878021240234
19,210,28.009403228759766
19,220,25.85678482055664
19,230,25.60547637939453
19,240,26.03009033203125
19,250,27.469125747680664
19,260,26.99488067626953
19,270,26.415508270263672
19,280,27.120683670043945
19,290,27.367910385131836
19,300,27.589168548583984
19,310,28.402164459228516
19,320,28.325855255126953
19,330,26.86901092529297
19,340,27.681575775146484
19,350,28.108882904052734
19,360,26.746557235717773
19,370,27.80516815185547
19,380,27.431076049804688
19,390,28.192358016967773
19,400,27.505107879638672
19,410,26.7327938079834
19,420,28.240406036376953
19,430,28.06991958618164
19,440,28.227333068847656
19,450,29.10744857788086
19,460,25.148597717285156
20,0,26.394367218017578
20,10,26.825349807739258
20,20,26.58079719543457
20,30,27.130645751953125
20,40,27.479835510253906
20,50,26.315345764160156
20,60,27.5142879486084
20,70,26.162830352783203
20,80,28.092275619506836
20,90,26.51507568359375
20,100,28.999736785888672
20,110,26.4976806640625
20,120,26.518177032470703
20,130,29.468257904052734
20,140,26.80804443359375
20,150,27.38468360900879
20,160,28.018186569213867
20,170,28.178504943847656
20,180,27.792091369628906
20,190,27.40049171447754
20,200,27.254743576049805
20,210,29.488075256347656
20,220,26.776912689208984
20,230,27.69133758544922
20,240,26.719528198242188
20,250,27.26032066345215
20,260,28.073963165283203
20,270,27.599044799804688
20,280,27.161312103271484
20,290,25.00358009338379
20,300,26.549245834350586
20,310,26.9525146484375
20,320,26.412822723388672
20,330,26.758411407470703
20,340,27.251075744628906
20,350,27.645000457763672
20,360,28.079635620117188
20,370,27.771150588989258
20,380,25.8038387298584
20,390,28.443180084228516
20,400,28.19377899169922
20,410,26.058382034301758
20,420,27.17984390258789
20,430,26.59886932373047
20,440,27.416748046875
20,450,26.64004898071289
20,460,28.17994499206543
21,0,28.28057289123535
21,10,27.249855041503906
21,20,28.559926986694336
21,30,26.507568359375
21,40,28.32666778564453
21,50,26.70767593383789
21,60,27.30902099609375
21,70,29.194814682006836
21,80,26.476638793945312
21,90,27.593582153320312
21,100,28.021900177001953
21,110,27.919986724853516
21,120,26.56045913696289
21,130,26.216493606567383
21,140,26.859413146972656
21,150,27.784990310668945
21,160,26.867231369018555
21,170,26.97577476501465
21,180,25.69782257080078
21,190,27.246055603027344
21,200,27.10931968688965
21,210,28.492109298706055
21,220,28.74691390991211
21,230,27.417003631591797
21,240,26.239032745361328
21,250,27.920867919921875
21,260,27.706228256225586
21,270,27.076492309570312
21,280,27.129539489746094
21,290,27.541019439697266
21,300,26.076488494873047
21,310,26.946971893310547
21,320,29.74901580810547
21,330,27.65592384338379
21,340,27.24896812438965
21,350,28.02008056640625
21,360,25.62811279296875
21,370,25.651208877563477
21,380,26.74786376953125
21,390,26.917377471923828
21,400,27.99633026123047
21,410,28.402969360351562
21,420,27.174657821655273
21,430,27.450336456298828
21,440,26.33869171142578
21,450,26.194194793701172
21,460,27.50118637084961
22,0,27.549877166748047
22,10,26.08112907409668
22,20,28.001056671142578
22,30,25.861534118652344
22,40,28.31256103515625
22,50,27.261384963989258
22,60,29.48978042602539
22,70,28.161043167114258
22,80,27.53894805908203
22,90,24.908668518066406
22,100,26.474037170410156
22,110,27.99721908569336
22,120,28.031375885009766
22,130,25.367389678955078
22,140,27.302188873291016
22,150,27.5811767578125
22,160,27.693012237548828
22,170,25.652969360351562
22,180,27.42568588256836
22,190,27.94207000732422
22,200,25.814672470092773
22,210,26.74376106262207
22,220,26.626291275024414
22,230,26.14004898071289
22,240,26.643821716308594
22,250,26.263126373291016
22,260,27.672077178955078
22,270,26.81673812866211
22,280,27.746976852416992
22,290,26.77466583251953
22,300,26.821054458618164
22,310,26.488210678100586
22,320,27.90749168395996
22,330,27.316009521484375
22,340,25.66719627380371
22,350,27.100933074951172
22,360,27.30318832397461
22,370,27.980533599853516
22,380,26.580318450927734
22,390,26.119176864624023
22,400,28.427865982055664
22,410,26.62035369873047
22,420,28.055259704589844
22,430,27.3979434967041
22,440,27.994487762451172
22,450,26.30060577392578
22,460,26.601987838745117
23,0,27.188243865966797
23,10,28.476154327392578
23,20,27.158510208129883
23,30,26.209487915039062
23,40,27.318769454956055
23,50,28.65274429321289
23,60,26.290761947631836
23,70,28.129249572753906
23,80,26.208698272705078
23,90,27.59814453125
23,100,28.019859313964844
23,110,27.3223819732666
23,120,25.561904907226562
23,130,27.746944427490234
23,140,26.392654418945312
23,150,26.906394958496094
23,160,28.1800479888916
23,170,28.455915451049805
23,180,27.125625610351562
23,190,28.455097198486328
23,200,27.613479614257812
23,210,27.272811889648438
23,220,26.72003936767578
23,230,27.215320587158203
23,240,26.511287689208984
23,250,27.308320999145508
23,260,25.976734161376953
23,270,26.168148040771484
23,280,26.56285285949707
23,290,27.16309356689453
23,300,26.271270751953125
23,310,27.255517959594727
23,320,27.44525909423828
23,330,27.09374237060547
23,340,26.5506649017334
23,350,27.63128662109375
23,360,27.948816299438477
23,370,26.72654914855957
23,380,28.424766540527344
23,390,27.846660614013672
23,400,26.341493606567383
23,410,28.08164405822754
23,420,26.023710250854492
23,430,27.741783142089844
23,440,26.68711280822754
23,450,27.082386016845703
23,460,28.45486068725586
24,0,27.01560401916504
24,10,27.06658935546875
24,20,26.116504669189453
24,30,27.05978012084961
24,40,26.669992446899414
24,50,27.690561294555664
24,60,27.46587562561035
24,70,26.038745880126953
24,80,25.23991584777832
24,90,27.506118774414062
24,100,27.846397399902344
24,110,27.17871856689453
24,120,26.380531311035156
24,130,27.055850982666016
24,140,26.96324920654297
24,150,27.337125778198242
24,160,26.566547393798828
24,170,26.679487228393555
24,180,27.637649536132812
24,190,28.007022857666016
24,200,27.445884704589844
24,210,26.24983787536621
24,220,25.37618064880371
24,230,26.350149154663086
24,240,26.99837303161621
24,250,27.33540153503418
24,260,28.134857177734375
24,270,28.961769104003906
24,280,26.269275665283203
24,290,27.048093795776367
24,300,26.54816436767578
24,310,26.630569458007812
24,320,26.724777221679688
24,330,25.314022064208984
24,340,26.492202758789062
24,350,25.9456844329834
24,360,25.69967269897461
24,370,26.190160751342773
24,380,25.997602462768555
24,390,27.367111206054688
24,400,27.253684997558594
24,410,27.647674560546875
24,420,27.316177368164062
24,430,25.593887329101562
24,440,27.09659194946289
24,450,26.92452621459961
24,460,26.862442016601562
25,0,27.56726837158203
25,10,26.873279571533203
25,20,26.796161651611328
25,30,26.19215965270996
25,40,25.199460983276367
25,50,25.973047256469727
25,60,27.861167907714844
25,70,26.34357261657715
25,80,28.644248962402344
25,90,26.241769790649414
25,100,26.022815704345703
25,110,28.26852798461914
25,120,27.933330535888672
25,130,26.781875610351562
25,140,27.840633392333984
25,150,27.54895782470703
25,160,26.94017791748047
25,170,27.39167022705078
25,180,25.92446517944336
25,190,27.51156997680664
25,200,27.57010269165039
25,210,26.518234252929688
25,220,26.86598777770996
25,230,26.266536712646484
25,240,26.28302001953125
25,250,24.602375030517578
25,260,28.715728759765625
25,270,27.882375717163086
25,280,27.53537368774414
25,290,26.603614807128906
25,300,28.458961486816406
25,310,27.609413146972656
25,320,26.314552307128906
25,330,27.723556518554688
25,340,26.035903930664062
25,350,26.77140998840332
25,360,27.866668701171875
25,370,25.076595306396484
25,380,27.560562133789062
25,390,26.2497615814209
25,400,26.394813537597656
25,410,25.89582061767578
25,420,26.79222297668457
25,430,26.880443572998047
25,440,25.817279815673828
25,450,26.77918243408203
25,460,27.807064056396484
26,0,25.241422653198242
26,10,26.65624237060547
26,20,27.36202049255371
26,30,28.822593688964844
26,40,29.311941146850586
26,50,25.79433822631836
26,60,26.985408782958984
26,70,25.303436279296875
26,80,26.459178924560547
26,90,25.4979248046875
26,100,26.914684295654297
26,110,27.050498962402344
26,120,25.579315185546875
26,130,27.1931209564209
26,140,26.331684112548828
26,150,25.73361587524414
26,160,27.13421630859375
26,170,27.95742416381836
26,180,25.881031036376953
26,190,27.492929458618164
26,200,26.310083389282227
26,210,27.03006362915039
26,220,26.427392959594727
26,230,26.16840171813965
26,240,26.088205337524414
26,250,25.580350875854492
26,260,26.71731948852539
26,270,27.510866165161133
26,280,28.00227165222168
26,290,27.02248764038086
26,300,28.418434143066406
26,310,27.632905960083008
26,320,28.665691375732422
26,330,27.041967391967773
26,340,27.0789794921875
26,350,27.691162109375
26,360,26.653173446655273
26,370,27.163349151611328
26,380,26.077428817749023
26,390,27.522220611572266
26,400,25.071056365966797
26,410,29.7301025390625
26,420,24.514925003051758
26,430,27.66094398498535
26,440,27.807205200195312
26,450,27.21112823486328
26,460,26.8388614654541
27,0,26.40610694885254
27,10,26.021221160888672
27,20,27.449291229248047
27,30,26.884693145751953
27,40,26.811601638793945
27,50,27.62688446044922
27,60,28.457263946533203
27,70,25.81234359741211
27,80,27.445295333862305
27,90,25.870336532592773
27,100,27.042552947998047
27,110,27.047000885009766
27,120,26.67765998840332
27,130,28.981586456298828
27,140,26.007747650146484
27,150,26.439987182617188
27,160,25.1570987701416
27,170,27.871591567993164
27,180,28.594345092773438
27,190,27.96385955810547
27,200,26.82617950439453
27,210,26.36500358581543
27,220,26.717100143432617
27,230,26.70724868774414
27,240,26.523839950561523
27,250,26.747272491455078
27,260,27.06226348876953
27,270,27.140535354614258
27,280,25.624746322631836
27,290,28.20939826965332
27,300,27.11104965209961
27,310,28.288524627685547
27,320,27.989707946777344
27,330,26.867965698242188
27,340,27.28488540649414
27,350,26.920562744140625
27,360,26.347400665283203
27,370,27.138710021972656
27,380,27.13778305053711
27,390,25.719970703125
27,400,27.251808166503906
27,410,25.642044067382812
27,420,25.413463592529297
27,430,26.202260971069336
27,440,25.678329467773438
27,450,26.342674255371094
27,460,28.118051528930664
28,0,24.720022201538086
28,10,26.551000595092773
28,20,24.81069564819336
28,30,27.006938934326172
28,40,25.540172576904297
28,50,25.89240264892578
28,60,26.512271881103516
28,70,25.287565231323242
28,80,26.135812759399414
28,90,26.415254592895508
28,100,25.755115509033203
28,110,26.288330078125
28,120,26.838069915771484
28,130,26.76639175415039
28,140,25.833683013916016
28,150,26.617820739746094
28,160,26.422534942626953
28,170,27.0747013092041
28,180,25.734638214111328
28,190,27.222949981689453
28,200,27.378875732421875
28,210,27.075410842895508
28,220,26.696733474731445
28,230,26.70211410522461
28,240,27.939355850219727
28,250,27.592117309570312
28,260,27.52334213256836
28,270,26.045562744140625
28,280,27.479576110839844
28,290,25.509870529174805
28,300,27.28832244873047
28,310,26.7647705078125
28,320,28.288864135742188
28,330,26.752460479736328
28,340,26.749248504638672
28,350,26.573894500732422
28,360,26.59567642211914
28,370,26.96714210510254
28,380,27.103702545166016
28,390,27.84808349609375
28,400,25.746620178222656
28,410,25.214031219482422
28,420,26.476058959960938
28,430,25.670209884643555
28,440,25.13509178161621
28,450,26.115201950073242
28,460,25.968894958496094
29,0,27.070575714111328
29,10,29.280651092529297
29,20,26.001602172851562
29,30,26.45089340209961
29,40,26.47087860107422
29,50,25.452486038208008
29,60,29.036685943603516
29,70,27.125030517578125
29,80,28.93016815185547
29,90,26.229022979736328
29,100,27.35593032836914
29,110,25.92312240600586
29,120,27.460567474365234
29,130,27.23681640625
29,140,26.110414505004883
29,150,27.76727867126465
29,160,26.603515625
29,170,24.71584701538086
29,180,26.37670135498047
29,190,26.017919540405273
29,200,27.598587036132812
29,210,26.713605880737305
29,220,26.736324310302734
29,230,24.888572692871094
29,240,27.42867088317871
29,250,26.839258193969727
29,260,25.304519653320312
29,270,27.11090850830078
29,280,25.35114288330078
29,290,26.76557159423828
29,300,26.80074119567871
29,310,24.93897819519043
29,320,27.48416519165039
29,330,26.824892044067383
29,340,26.80315589904785
29,350,27.535778045654297
29,360,25.77734375
29,370,27.39206314086914
29,380,26.521625518798828
29,390,25.0445556640625
29,400,27.762176513671875
29,410,27.85540008544922
29,420,27.75177001953125
29,430,26.95556640625
29,440,25.946224212646484
29,450,26.285266876220703
29,460,25.913509368896484
30,0,26.27109146118164
30,10,27.715717315673828
30,20,28.16350555419922
30,30,25.068805694580078
30,40,27.437885284423828
30,50,26.559532165527344
30,60,25.863096237182617
30,70,26.02138328552246
30,80,27.17378807067871
30,90,28.48275375366211
30,100,27.605545043945312
30,110,27.438274383544922
30,120,25.682781219482422
30,130,26.91510009765625
30,140,25.74888801574707
30,150,26.16816520690918
30,160,26.80718231201172
30,170,27.350692749023438
30,180,26.666730880737305
30,190,27.72262191772461
30,200,25.803543090820312
30,210,26.466053009033203
30,220,25.37544059753418
30,230,28.591846466064453
30,240,27.2476806640625
30,250,27.574804306030273
30,260,26.513912200927734
30,270,27.599201202392578
30,280,27.695459365844727
30,290,26.752620697021484
30,300,26.751907348632812
30,310,26.949899673461914
30,320,25.70043182373047
30,330,26.004924774169922
30,340,27.191444396972656
30,350,26.071138381958008
30,360,25.701509475708008
30,370,28.11444664001465
30,380,27.014522552490234
30,390,26.000751495361328
30,400,25.8747501373291
30,410,27.627676010131836
30,420,25.917478561401367
30,430,26.195411682128906
30,440,26.490036010742188
30,450,27.646854400634766
30,460,27.76725196838379
31,0,27.5579891204834
31,10,28.088802337646484
31,20,25.712459564208984
31,30,27.224822998046875
31,40,27.963605880737305
31,50,27.233154296875
31,60,26.494998931884766
31,70,26.778766632080078
31,80,26.5640869140625
31,90,27.30837059020996
31,100,27.221389770507812
31,110,26.95758056640625
31,120,27.075435638427734
31,130,26.887470245361328
31,140,27.046266555786133
31,150,26.3431396484375
31,160,25.041027069091797
31,170,27.156314849853516
31,180,25.802698135375977
31,190,26.955598831176758
31,200,25.82350730895996
31,210,26.92562484741211
31,220,25.069517135620117
31,230,25.71981430053711
31,240,26.957136154174805
31,250,27.73038101196289
31,260,26.958406448364258
31,270,27.54035758972168
31,280,25.6794490814209
31,290,26.463668823242188
31,300,27.350231170654297
31,310,26.394886016845703
31,320,25.189620971679688
31,330,28.263626098632812
31,340,27.812040328979492
31,350,25.736534118652344
31,360,26.431991577148438
31,370,28.282400131225586
31,380,26.806962966918945
31,390,27.257427215576172
31,400,27.539220809936523
31,410,26.426509857177734
31,420,26.35983657836914
31,430,26.66790771484375
31,440,26.581958770751953
31,450,27.363540649414062
31,460,25.965805053710938
32,0,26.0543270111084
32,10,25.308475494384766
32,20,26.712202072143555
32,30,27.655696868896484
32,40,27.17382049560547
32,50,27.207275390625
32,60,27.910484313964844
32,70,27.692428588867188
32,80,27.251745223999023
32,90,26.508995056152344
32,100,26.78190803527832
32,110,24.596542358398438
32,120,28.639869689941406
32,130,27.094928741455078
32,140,27.53302574157715
32,150,26.330299377441406
32,160,26.030271530151367
32,170,24.415935516357422
32,180,27.040109634399414
32,190,26.15830421447754
32,200,28.15152359008789
32,210,27.586200714111328
32,220,26.75487518310547
32,230,27.504615783691406
32,240,28.132856369018555
32,250,26.62424659729004
32,260,26.53240203857422
32,270,25.98586082458496
32,280,26.531259536743164
32,290,25.653987884521484
32,300,26.734540939331055
32,310,25.061073303222656
32,320,25.334678649902344
32,330,28.231822967529297
32,340,25.709447860717773
32,350,25.717193603515625
32,360,25.951862335205078
32,370,27.32526397705078
32,380,28.92943000793457
32,390,27.11467742919922
32,400,27.273624420166016
32,410,25.786813735961914
32,420,25.422229766845703
32,430,25.925228118896484
32,440,27.889041900634766
32,450,27.377750396728516
32,460,25.794952392578125
33,0,27.014846801757812
33,10,25.87221336364746
33,20,26.406978607177734
33,30,27.20537567138672
33,40,27.341033935546875
33,50,25.633562088012695
33,60,27.078723907470703
33,70,27.26895523071289
33,80,26.740524291992188
33,90,26.49256706237793
33,100,27.314626693725586
33,110,27.143068313598633
33,120,27.18444061279297
33,130,25.000946044921875
33,140,27.98358726501465
33,150,27.1434268951416
33,160,25.341453552246094
33,170,28.07452392578125
33,180,28.446090698242188
33,190,24.673660278320312
33,200,27.31073570251465
33,210,28.006999969482422
33,220,27.56629180908203
33,230,28.862306594848633
33,240,26.746620178222656
33,250,25.24336814880371
33,260,26.99783706665039
33,270,27.397798538208008
33,280,26.137516021728516
33,290,26.51848030090332
33,300,26.1788387298584
33,310,25.57778549194336
33,320,26.163238525390625
33,330,26.293027877807617
33,340,26.318313598632812
33,350,27.501365661621094
33,360,26.579505920410156
33,370,25.326749801635742
33,380,26.11771583557129
33,390,27.467187881469727
33,400,27.703792572021484
33,410,26.466650009155273
33,420,26.253429412841797
33,430,26.140439987182617
33,440,26.842016220092773
33,450,27.648788452148438
33,460,27.52088165283203
34,0,26.219318389892578
34,10,26.945693969726562
34,20,25.972553253173828
34,30,27.045181274414062
34,40,26.193199157714844
34,50,27.145038604736328
34,60,25.821138381958008
34,70,24.72063446044922
34,80,27.313899993896484
34,90,27.703327178955078
34,100,26.832962036132812
34,110,26.9520206451416
34,120,27.150371551513672
34,130,26.149429321289062
34,140,27.917457580566406
34,150,27.1275634765625
34,160,27.568193435668945
34,170,27.04031753540039
34,180,25.77051544189453
34,190,25.693805694580078
34,200,26.84561538696289
34,210,26.481414794921875
34,220,27.828941345214844
34,230,25.165706634521484
34,240,26.485801696777344
34,250,26.168458938598633
34,260,26.614059448242188
34,270,26.878582000732422
34,280,27.457080841064453
34,290,26.11394691467285
34,300,25.5299072265625
34,310,26.261247634887695
34,320,29.364952087402344
34,330,25.96059799194336
34,340,26.49321174621582
34,350,26.547740936279297
34,360,26.85765838623047
34,370,26.80433464050293
34,380,25.90834617614746
34,390,25.643943786621094
34,400,26.317073822021484
34,410,26.655893325805664
34,420,26.872764587402344
34,430,25.037960052490234
34,440,26.268447875976562
34,450,26.48944091796875
34,460,25.259075164794922
35,0,26.834585189819336
35,10,26.622697830200195
35,20,27.40261459350586
35,30,27.965702056884766
35,40,28.081066131591797
35,50,26.02002716064453
35,60,27.779647827148438
35,70,25.17544937133789
35,80,26.976943969726562
35,90,26.59638023376465
35,100,26.56997299194336
35,110,26.82223892211914
35,120,27.837154388427734
35,130,25.241621017456055
35,140,25.58934211730957
35,150,26.946964263916016
35,160,26.03912353515625
35,170,26.558582305908203
35,180,25.76333236694336
35,190,26.84806251525879
35,200,25.73122787475586
35,210,26.946781158447266
35,220,27.677928924560547
35,230,27.570362091064453
35,240,27.291828155517578
35,250,27.721141815185547
35,260,26.552249908447266
35,270,25.41149139404297
35,280,24.782421112060547
35,290,26.48525619506836
35,300,27.108200073242188
35,310,26.397308349609375
35,320,26.215621948242188
35,330,25.650028228759766
35,340,26.742340087890625
35,350,26.31399154663086
35,360,26.313030242919922
35,370,25.969270706176758
35,380,27.08393096923828
35,390,26.62527847290039
35,400,25.03341293334961
35,410,26.729679107666016
35,420,27.20740509033203
35,430,26.703765869140625
35,440,27.26702117919922
35,450,25.99197006225586
35,460,26.678171157836914
36,0,26.721773147583008
36,10,27.079313278198242
36,20,25.72705078125
36,30,26.59486961364746
36,40,27.046062469482422
36,50,26.650381088256836
36,60,26.440444946289062
36,70,26.439584732055664
36,80,27.798511505126953
36,90,26.612274169921875
36,100,26.358661651611328
36,110,26.553478240966797
36,120,26.029396057128906
36,130,25.960805892944336
36,140,26.24419403076172
36,150,26.939847946166992
36,160,26.635461807250977
36,170,24.309463500976562
36,180,26.30250358581543
36,190,26.838165283203125
36,200,27.002132415771484
36,210,25.90254020690918
36,220,26.731586456298828
36,230,27.402292251586914
36,240,25.14572525024414
36,250,25.478275299072266
36,260,26.69927215576172
36,270,25.970417022705078
36,280,27.625255584716797
36,290,26.131315231323242
36,300,26.88924217224121
36,310,25.967681884765625
36,320,26.636825561523438
36,330,26.6944580078125
36,340,26.124080657958984
36,350,27.280900955200195
36,360,26.221515655517578
36,370,27.278350830078125
36,380,26.284637451171875
36,390,27.514747619628906
36,400,27.807052612304688
36,410,27.239486694335938
36,420,26.714683532714844
36,430,26.519437789916992
36,440,27.34902572631836
36,450,26.009206771850586
36,460,25.37932777404785
37,0,26.0958251953125
37,10,27.694276809692383
37,20,27.10778045654297
37,30,26.848569869995117
37,40,26.51372528076172
37,50,27.105194091796875
37,60,27.588680267333984
37,70,26.264572143554688
37,80,26.151729583740234
37,90,26.503280639648438
37,100,25.482173919677734
37,110,25.00747299194336
37,120,25.887046813964844
37,130,26.52521514892578
37,140,28.072139739990234
37,150,27.082040786743164
37,160,25.980297088623047
37,170,26.882394790649414
37,180,27.890262603759766
37,190,26.84449005126953
37,200,27.269716262817383
37,210,26.42441177368164
37,220,25.437339782714844
37,230,25.942365646362305
37,240,26.712833404541016
37,250,26.873462677001953
37,260,28.013469696044922
37,270,26.170822143554688
37,280,27.170448303222656
37,290,25.002965927124023
37,300,26.138748168945312
37,310,25.640668869018555
37,320,25.557905197143555
37,330,28.47513771057129
37,340,27.355180740356445
37,350,26.27436065673828
37,360,27.172576904296875
37,370,27.46245574951172
37,380,26.780601501464844
37,390,25.89389991760254
37,400,27.026973724365234
37,410,25.432022094726562
37,420,25.431133270263672
37,430,26.768230438232422
37,440,25.412315368652344
37,450,25.634279251098633
37,460,26.143285751342773
38,0,26.757625579833984
38,10,27.124513626098633
38,20,26.559053421020508
38,30,26.75598907470703
38,40,28.353931427001953
38,50,25.366151809692383
38,60,26.116085052490234
38,70,28.14640998840332
38,80,27.035449981689453
38,90,24.99718475341797
38,100,26.828187942504883
38,110,24.394268035888672
38,120,26.916950225830078
38,130,25.41470718383789
38,140,26.005569458007812
38,150,27.1025390625
38,160,24.538516998291016
38,170,25.95482635498047
38,180,26.92874526977539
38,190,26.23040008544922
38,200,25.93185806274414
38,210,26.291641235351562
38,220,25.44506072998047
38,230,25.373613357543945
38,240,25.709941864013672
38,250,26.42903709411621
38,260,25.743837356567383
38,270,28.06631851196289
38,280,26.209049224853516
38,290,27.368907928466797
38,300,26.796995162963867
38,310,25.860668182373047
38,320,25.862091064453125
38,330,27.277048110961914
38,340,27.08063507080078
38,350,25.815425872802734
38,360,28.241043090820312
38,370,24.916337966918945
38,380,26.24199104309082
38,390,26.089881896972656
38,400,25.90361213684082
38,410,26.758140563964844
38,420,26.45026206970215
38,430,26.579784393310547
38,440,25.437076568603516
38,450,27.135147094726562
38,460,25.724702835083008
39,0,25.511878967285156
39,10,26.7508602142334
39,20,26.82974624633789
39,30,26.744638442993164
39,40,25.793487548828125
39,50,25.870437622070312
39,60,25.280778884887695
39,70,24.948219299316406
39,80,27.357036590576172
39,90,27.35169219970703
39,100,25.99834442138672
39,110,26.426651000976562
39,120,27.837675094604492
39,130,27.426441192626953
39,140,25.946895599365234
39,150,26.825008392333984
39,160,26.56174087524414
39,170,27.697492599487305
39,180,26.687129974365234
39,190,27.45218276977539
39,200,27.847164154052734
39,210,25.69275665283203
39,220,26.30245018005371
39,230,26.44085693359375
39,240,26.353897094726562
39,250,27.42933464050293
39,260,26.865034103393555
39,270,25.9422607421875
39,280,25.973876953125
39,290,25.864158630371094
39,300,27.215147018432617
39,310,27.39807891845703
39,320,26.989885330200195
39,330,25.867290496826172
39,340,27.571062088012695
39,350,25.351089477539062
39,360,26.899030685424805
39,370,25.758255004882812
39,380,24.170719146728516
39,390,25.406597137451172
39,400,25.850936889648438
39,410,26.65526580810547
39,420,27.730209350585938
39,430,26.476839065551758
39,440,27.40140151977539
39,450,25.771320343017578
39,460,26.902496337890625
40,0,26.902830123901367
40,10,25.334625244140625
40,20,27.917720794677734
40,30,26.396724700927734
40,40,26.75925064086914
40,50,26.370811462402344
40,60,27.72469711303711
40,70,26.80217742919922
40,80,26.026126861572266
40,90,28.263883590698242
40,100,26.333044052124023
40,110,26.47103500366211
40,120,26.42774200439453
40,130,27.166942596435547
40,140,26.4639835357666
40,150,27.299907684326172
40,160,27.453420639038086
40,170,27.45868682861328
40,180,26.609941482543945
40,190,25.952770233154297
40,200,25.914291381835938
40,210,26.053680419921875
40,220,27.444927215576172
40,230,25.74734878540039
40,240,25.545452117919922
40,250,23.488744735717773
40,260,25.451377868652344
40,270,27.798582077026367
40,280,26.328556060791016
40,290,28.373626708984375
40,300,25.988149642944336
40,310,26.78803253173828
40,320,25.14873504638672
40,330,26.06922721862793
40,340,27.603309631347656
40,350,26.64669418334961
40,360,27.511438369750977
40,370,27.378480911254883
40,380,25.187896728515625
40,390,27.35965347290039
40,400,26.073259353637695
40,410,28.32621955871582
40,420,26.495441436767578
40,430,26.181875228881836
40,440,25.852102279663086
40,450,27.12175941467285
40,460,26.82654571533203
41,0,26.67881202697754
41,10,26.173908233642578
41,20,25.59272003173828
41,30,26.891437530517578
41,40,26.415958404541016
41,50,26.237516403198242
41,60,25.320772171020508
41,70,26.800336837768555
41,80,27.497360229492188
41,90,26.382118225097656
41,100,25.93720054626465
41,110,27.063159942626953
41,120,26.143312454223633
41,130,26.971025466918945
41,140,26.627506256103516
41,150,26.26300048828125
41,160,25.022994995117188
41,170,25.016849517822266
41,180,25.13397979736328
41,190,25.959461212158203
41,200,26.491384506225586
41,210,25.968935012817383
41,220,26.503524780273438
41,230,27.62062644958496
41,240,26.046756744384766
41,250,28.38347625732422
41,260,25.28154754638672
41,270,26.772804260253906
41,280,25.37610626220703
41,290,25.525413513183594
41,300,27.022682189941406
41,310,27.17097282409668
41,320,27.111984252929688
41,330,24.413925170898438
41,340,27.012351989746094
41,350,26.616069793701172
41,360,26.183879852294922
41,370,28.12897491455078
41,380,26.614315032958984
41,390,24.852481842041016
41,400,25.74944305419922
41,410,27.28525161743164
41,420,25.26969337463379
41,430,25.373811721801758
41,440,27.517066955566406
41,450,25.951160430908203
41,460,26.38189697265625
42,0,25.170135498046875
42,10,27.13565444946289
42,20,26.469242095947266
42,30,25.22905921936035
42,40,26.744972229003906
42,50,25.457515716552734
42,60,26.75099754333496
42,70,27.23371696472168
42,80,26.719785690307617
42,90,27.476852416992188
42,100,28.663684844970703
42,110,23.788726806640625
42,120,24.95452117919922
42,130,25.180931091308594
42,140,25.06004524230957
42,150,27.071931838989258
42,160,28.255237579345703
42,170,25.040077209472656
42,180,27.484355926513672
42,190,26.968067169189453
42,200,25.803613662719727
42,210,27.628490447998047
42,220,25.142105102539062
42,230,26.785858154296875
42,240,27.65010643005371
42,250,26.010631561279297
42,260,25.62662124633789
42,270,26.607006072998047
42,280,26.4370174407959
42,290,26.56038475036621
42,300,26.146678924560547
42,310,26.067472457885742
42,320,25.46753692626953
42,330,27.976661682128906
42,340,25.836816787719727
42,350,27.24074935913086
42,360,26.233169555664062
42,370,27.075653076171875
42,380,26.81583595275879
42,390,26.79324722290039
42,400,27.604354858398438
42,410,26.812786102294922
42,420,25.853010177612305
42,430,26.64488983154297
42,440,27.742624282836914
42,450,25.836833953857422
42,460,26.758089065551758
43,0,26.061729431152344
43,10,26.79686737060547
43,20,26.73581886291504
43,30,27.980831146240234
43,40,24.35947608947754
43,50,26.099023818969727
43,60,24.986751556396484
43,70,26.994972229003906
43,80,26.849197387695312
43,90,28.410375595092773
43,100,25.54340362548828
43,110,28.126237869262695
43,120,26.399274826049805
43,130,26.20511817932129
43,140,24.77992057800293
43,150,25.571834564208984
43,160,26.0582275390625
43,170,27.97673797607422
43,180,27.770410537719727
43,190,25.03392791748047
43,200,27.51188087463379
43,210,26.486831665039062
43,220,26.9306583404541
43,230,26.740341186523438
43,240,26.393207550048828
43,250,26.175872802734375
43,260,28.048656463623047
43,270,26.686851501464844
43,280,26.12826156616211
43,290,27.06155014038086
43,300,25.97126579284668
43,310,26.7313175201416
43,320,26.23442268371582
43,330,27.72000503540039
43,340,27.17368507385254
43,350,26.500873565673828
43,360,25.92912483215332
43,370,26.254047393798828
43,380,25.188344955444336
43,390,24.867292404174805
43,400,24.93402862548828
43,410,25.668489456176758
43,420,26.39432716369629
43,430,25.72328758239746
43,440,26.522552490234375
43,450,25.289926528930664
43,460,25.766040802001953
44,0,26.334041595458984
44,10,26.780250549316406
44,20,26.84654998779297
44,30,26.93949317932129
44,40,27.832725524902344
44,50,24.997215270996094
44,60,25.32430648803711
44,70,25.794876098632812
44,80,25.99715232849121
44,90,26.958751678466797
44,100,26.067609786987305
44,110,25.38779640197754
44,120,25.884275436401367
44,130,25.740379333496094
44,140,27.141937255859375
44,150,26.650333404541016
44,160,26.799118041992188
44,170,27.159809112548828
44,180,25.693933486938477
44,190,28.017803192138672
44,200,28.13223648071289
44,210,26.446537017822266
44,220,26.365188598632812
44,230,27.488746643066406
44,240,24.983112335205078
44,250,26.710731506347656
44,260,26.055795669555664
44,270,26.003284454345703
44,280,25.2157039642334
44,290,28.641868591308594
44,300,27.476272583007812
44,310,26.297760009765625
44,320,27.18898582458496
44,330,25.855375289916992
44,340,25.425806045532227
44,350,25.783390045166016
44,360,26.20698356628418
44,370,26.555768966674805
44,380,26.636302947998047
44,390,27.072017669677734
44,400,26.70745277404785
44,410,26.429637908935547
44,420,26.23534393310547
44,430,24.394367218017578
44,440,24.278839111328125
44,450,26.72775650024414
44,460,26.516464233398438
45,0,27.94878387451172
45,10,25.509803771972656
45,20,27.928035736083984
45,30,25.04143714904785
45,40,26.269386291503906
45,50,26.157642364501953
45,60,27.342605590820312
45,70,27.191326141357422
45,80,26.533676147460938
45,90,26.472219467163086
45,100,25.085620880126953
45,110,25.35570526123047
45,120,26.952608108520508
45,130,26.626249313354492
45,140,25.61751365661621
45,150,25.964811325073242
45,160,28.46541404724121
45,170,25.406452178955078
45,180,27.251319885253906
45,190,25.73794937133789
45,200,27.433929443359375
45,210,26.636857986450195
45,220,24.82958984375
45,230,26.67504119873047
45,240,24.647850036621094
45,250,27.683443069458008
45,260,27.071823120117188
45,270,25.665868759155273
45,280,26.922164916992188
45,290,28.556589126586914
45,300,26.027130126953125
45,310,26.197206497192383
45,320,26.257719039916992
45,330,24.604480743408203
45,340,26.729948043823242
45,350,24.55213165283203
45,360,27.50931167602539
45,370,25.677501678466797
45,380,26.132564544677734
45,390,27.160764694213867
45,400,25.783451080322266
45,410,27.636035919189453
45,420,25.925670623779297
45,430,26.6513671875
45,440,24.444438934326172
45,450,25.420814514160156
45,460,25.165184020996094
46,0,26.771970748901367
46,10,24.967348098754883
46,20,26.39473533630371
46,30,25.966045379638672
46,40,26.860246658325195
46,50,26.73529624938965
46,60,25.719709396362305
46,70,25.861000061035156
46,80,26.305526733398438
46,90,26.043701171875
46,100,26.748891830444336
46,110,26.317386627197266
46,120,27.355695724487305
46,130,26.549715042114258
46,140,28.061691284179688
46,150,26.9277400970459
46,160,26.352951049804688
46,170,24.996719360351562
46,180,25.290081024169922
46,190,26.353063583374023
46,200,25.88840675354004
46,210,25.913002014160156
46,220,24.687950134277344
46,230,26.39599609375
46,240,25.41488265991211
46,250,24.969337463378906
46,260,25.958709716796875
46,270,26.703378677368164
46,280,26.010061264038086
46,290,25.446243286132812
46,300,27.725149154663086
46,310,27.998523712158203
46,320,28.028343200683594
46,330,25.150279998779297
46,340,27.3614559173584
46,350,26.099788665771484
46,360,26.285472869873047
46,370,25.629493713378906
46,380,25.648990631103516
46,390,26.781721115112305
46,400,26.43379783630371
46,410,25.463476181030273
46,420,28.15892219543457
46,430,26.555416107177734
46,440,25.828763961791992
46,450,29.07323455810547
46,460,25.578617095947266
47,0,27.327804565429688
47,10,25.740203857421875
47,20,27.60382080078125
47,30,27.844881057739258
47,40,24.991539001464844
47,50,26.986125946044922
47,60,26.01215171813965
47,70,25.332172393798828
47,80,26.430543899536133
47,90,24.960689544677734
47,100,25.32505989074707
47,110,26.47368812561035
47,120,27.13286590576172
47,130,26.820188522338867
47,140,25.355701446533203
47,150,28.32337188720703
47,160,25.95226287841797
47,170,26.89610481262207
47,180,26.024497985839844
47,190,26.156219482421875
47,200,28.00758934020996
47,210,24.728534698486328
47,220,26.3853759765625
47,230,26.78325080871582
47,240,26.352718353271484
47,250,26.236881256103516
47,260,25.320613861083984
47,270,26.274168014526367
47,280,26.048574447631836
47,290,27.43364906311035
47,300,27.637710571289062
47,310,25.138338088989258
47,320,26.790857315063477
47,330,26.10858917236328
47,340,26.020021438598633
47,350,26.837909698486328
47,360,26.105899810791016
47,370,27.782752990722656
47,380,24.13754653930664
47,390,27.536954879760742
47,400,27.3629150390625
47,410,25.546550750732422
47,420,26.213958740234375
47,430,26.85641098022461
47,440,25.350116729736328
47,450,25.087207794189453
47,460,26.040454864501953
48,0,27.063201904296875
48,10,26.547393798828125
48,20,26.94426727294922
48,30,28.163272857666016
48,40,26.06521987915039
48,50,25.399404525756836
48,60,26.411983489990234
48,70,25.913557052612305
48,80,26.28148651123047
48,90,25.97408676147461
48,100,25.931690216064453
48,110,26.10665512084961
48,120,25.788068771362305
48,130,25.54064178466797
48,140,25.81207275390625
48,150,26.737293243408203
48,160,25.961877822875977
48,170,26.658353805541992
48,180,27.95816421508789
48,190,27.656665802001953
48,200,28.028549194335938
48,210,25.632793426513672
48,220,25.449359893798828
48,230,27.21190643310547
48,240,24.794776916503906
48,250,27.052766799926758
48,260,25.752967834472656
48,270,25.920166015625
48,280,27.885873794555664
48,290,25.286258697509766
48,300,25.610990524291992
48,310,24.187820434570312
48,320,25.65522003173828
48,330,25.18140411376953
48,340,27.72750473022461
48,350,27.069412231445312
48,360,27.360219955444336
48,370,25.761234283447266
48,380,26.739849090576172
48,390,26.693857192993164
48,400,25.548900604248047
48,410,25.729793548583984
48,420,26.944562911987305
48,430,25.09148406982422
48,440,26.165691375732422
48,450,26.22079086303711
48,460,25.97585105895996
49,0,26.935075759887695
49,10,26.863298416137695
49,20,28.162899017333984
49,30,25.821063995361328
49,40,25.14997673034668
49,50,27.56142234802246
49,60,26.787601470947266
49,70,26.751529693603516
49,80,27.078542709350586
49,90,25.88882827758789
49,100,26.97327423095703
49,110,26.01679229736328
49,120,25.41895866394043
49,130,26.59014892578125
49,140,27.3786563873291
49,150,26.479381561279297
49,160,26.40252113342285
49,170,26.126575469970703
49,180,26.199846267700195
49,190,26.32925033569336
49,200,24.35276985168457
49,210,26.541240692138672
49,220,25.226009368896484
49,230,26.04540252685547
49,240,24.84834098815918
49,250,27.10515594482422
49,260,25.927839279174805
49,270,25.532867431640625
49,280,26.691682815551758
49,290,26.69404411315918
49,300,26.26348114013672
49,310,26.012710571289062
49,320,27.19099998474121
49,330,26.879201889038086
49,340,26.270233154296875
49,350,27.681121826171875
49,360,25.918678283691406
49,370,26.098127365112305
49,380,25.963298797607422
49,390,25.910837173461914
49,400,26.31966781616211
49,410,25.867557525634766
49,420,26.869529724121094
49,430,26.065105438232422
49,440,24.952301025390625
49,450,27.283123016357422
49,460,26.452516555786133
50,0,26.513080596923828
50,10,27.527488708496094
50,20,26.48905372619629
50,30,26.7648983001709
50,40,26.465320587158203
50,50,27.7049560546875
50,60,26.07919692993164
50,70,25.555522918701172
50,80,27.601354598999023
50,90,25.94214630126953
50,100,27.365768432617188
50,110,27.64269256591797
50,120,25.41782569885254
50,130,25.346017837524414
50,140,26.42913246154785
50,150,28.471593856811523
50,160,25.372413635253906
50,170,26.464122772216797
50,180,26.79166030883789
50,190,25.436925888061523
50,200,26.786481857299805
50,210,26.99355697631836
50,220,26.965679168701172
50,230,26.622295379638672
50,240,25.786745071411133
50,250,25.418224334716797
50,260,25.778263092041016
50,270,25.509462356567383
50,280,27.092632293701172
50,290,27.02565574645996
50,300,25.222341537475586
50,310,24.58319854736328
50,320,27.02220344543457
50,330,27.15880584716797
50,340,26.06427001953125
50,350,27.211240768432617
50,360,25.525461196899414
50,370,26.662717819213867
50,380,26.3592586517334
50,390,27.134220123291016
50,400,24.865219116210938
50,410,27.857524871826172
50,420,26.837846755981445
50,430,25.96062660217285
50,440,25.432632446289062
50,450,26.481443405151367
50,460,26.846620559692383
